income,expense,donations,project_costs,assets,liabilities,future_fund_need
103973,79607,26690,42266,397424,121849,88905
99594,72265,18348,33511,418078,105143,77840
106582,95418,30568,52145,408568,138634,115571
114286,109905,14692,21801,405772,118375,109044
100929,65083,17301,37533,420004,85973,66928
101630,95942,28934,32416,409091,153619,98440
116837,87882,24677,24500,440476,147296,86642
111044,99332,23077,27132,389635,128153,102376
101849,92110,36095,28807,405085,99368,98647
110646,97747,21837,32116,412516,171401,97796
103299,90313,24115,32340,422607,112595,86130
103981,89883,21235,32034,436637,118774,86338
110344,96705,27003,50809,418853,129795,109392
93802,85766,28079,20100,399487,90618,85018
96010,84953,26916,28218,435060,85596,80928
106012,98117,21831,19473,435348,153701,92588
103108,84373,28449,33547,396497,132139,90834
114425,95441,28050,37319,427170,86446,92980
105348,77722,16366,40264,404976,127244,88394
102014,80137,25876,29534,420460,140860,79235
125739,109145,31891,33289,418489,135546,114936
112908,104254,27954,40824,445772,163009,107071
115955,79372,21647,34068,436987,123962,74703
104718,85172,22960,27631,417552,92629,81985
112461,87005,21422,15132,451639,70727,77180
118404,93462,40481,25633,418532,118986,89163
109010,110437,13545,34908,446593,124890,110560
121924,102169,27250,28164,431033,139971,100654
114814,106908,27851,30491,439359,140671,105498
117986,91092,35140,41421,454010,114478,96523
116207,78477,30241,26421,455869,151253,67174
136539,119655,39888,41158,469704,115038,124460
122314,106582,39434,20780,450017,101571,100281
114661,91497,39175,50692,457449,162795,111492
130404,111499,24789,47264,447888,101902,112299
114757,103036,28709,48369,458785,103813,103386
126896,99620,43940,33070,464249,140420,103331
110248,100755,41038,36241,457784,120766,107500
116001,110628,33918,22717,433804,145075,101270
128902,116093,29966,30383,467434,126358,105549
133935,99254,19383,23775,469532,102466,98235
130099,123739,32389,44506,455463,136561,135757
128504,97642,44029,35492,448001,154924,86878
127721,96687,28896,28896,491007,126845,90766
119002,99634,26847,21126,477842,87866,101376
125772,107365,42243,29891,468635,170189,103856
128547,124451,23945,44340,456618,147337,126120
141389,128328,43623,34844,462948,101441,125863
136382,118870,33342,51878,496415,128913,121251
120230,102572,24024,29193,480543,130332,91347
137627,105880,32432,49019,471821,168883,117222
132655,109986,42359,45422,489327,152449,106959
131021,123946,24219,36546,471067,97914,124606
142030,106413,27684,35029,507397,160927,107869
146085,134125,48694,43710,506778,137567,130457
145988,115096,28132,44560,481089,104501,112081
132525,107727,34555,34091,480259,87274,112835
137466,123596,37920,31508,452019,109892,123397
143290,122374,34034,54040,470669,122530,127301
149145,131746,41056,48067,474402,99365,142275
138208,136147,24114,43467,498123,168776,144103
141257,112660,36697,38970,492804,95724,114416
134592,114213,27774,32131,479119,133413,106490
134574,119437,34652,49705,496683,105763,124642
151345,137247,27752,42836,510082,94977,138328
156395,134537,41954,62121,512021,145280,144645
145670,120240,29596,40113,477210,118604,124328
154975,141321,30589,42888,505383,147011,133036
150540,140981,30390,42891,488158,123243,133650
143187,107134,28366,52186,524036,139014,114371
151940,144062,49217,58501,523874,111950,152337
162054,149502,31091,45922,500243,176625,146186
150163,119751,50816,44868,503824,154783,114657
163668,132088,57391,60764,509997,119266,143033
130893,122794,34610,40668,484726,131035,125490
159127,129970,22160,30911,525159,88435,124255
153949,146529,35106,42865,517629,125435,146951
151561,118102,53553,38318,537875,121959,117659
155388,132050,33645,68031,508448,154603,151421
139454,118902,21160,31705,517239,153055,107215
154298,135661,41447,65126,505530,182168,151362
159613,142904,51857,55936,514665,133477,142806
169280,132576,55917,52094,513601,167025,133276
154011,131308,24722,46138,547872,131003,125865
152390,112642,45557,29239,524060,181972,110671
155545,127535,31962,41783,537998,170194,126026
167583,156330,32024,36656,532026,127095,150102
163590,135816,54152,56398,520297,186008,138354
157423,146606,34562,51005,538416,134143,148972
166468,144052,36351,55455,551529,162665,145133
163839,144851,21168,30155,526027,170374,136403
171512,131868,58053,39841,557882,122583,124920
158848,139846,48813,46146,534601,203673,149140
162543,131824,44993,63878,541704,140075,134721
162729,135518,49046,54033,558510,131713,137798
154858,128113,27487,44570,542200,119868,136437
169636,125580,44570,59054,554317,148629,130698
170056,141665,37202,38784,550634,116806,130276
168709,137744,25111,65096,558897,113234,147289
167492,155066,40227,53321,522847,177791,156695
158747,127883,53581,39961,532714,133682,123537
167405,136425,30139,61278,571001,125898,138133
168729,144530,36954,36524,578921,132531,152523
165753,147658,29191,65070,551307,144903,155857
171582,137696,41365,37902,562906,146541,122994
176805,138570,59438,63771,572588,138966,156420
189363,140793,49957,56967,580168,198227,147090
176371,157597,42448,62838,540956,165259,161673
177736,156368,55296,63574,559682,112479,161312
175780,146301,34316,59014,569585,138800,154604
161726,147047,43674,40300,586723,166858,144107
177565,171378,45077,70933,615254,168033,174208
178960,158536,50825,39277,575959,118828,162961
198885,181928,68646,55081,559876,137354,182491
178340,145279,52480,40966,588616,175885,149485
182992,139337,43008,70836,603999,156710,156912
181003,152556,59907,48241,587405,144594,148692
172632,133663,31120,64929,573787,185083,147200
191825,163603,33138,62740,603358,167202,164301
189398,180213,40512,56326,600543,155427,172629
190412,134882,38776,49338,576800,204032,130274
177509,130706,42242,39109,599515,131051,127322
196707,158157,53285,54873,610354,179049,157010
174971,164766,59034,39935,614725,181479,160785
191581,166195,46699,28097,597601,188614,158485
205111,188029,55386,85094,594829,220636,205089
180363,140600,30139,74420,620210,219849,148467
184458,146821,29075,52158,585250,161554,149305
190486,169646,45263,51820,611583,157253,170280
186362,172488,40338,30626,586056,160203,148020
178685,129464,57635,57629,624188,170198,138054
192340,177144,28634,74430,605939,171608,188855
183994,160505,31555,36937,630440,202081,151589
196981,179096,46763,33027,620384,120463,171875
186538,144993,46569,65648,596266,200315,149749
206994,181078,40026,66203,637585,232007,186716
189029,153816,55204,40179,641086,232006,140679
193419,172297,33010,66409,632653,236349,180003
203204,170523,58190,56383,609597,158105,181705
187550,136270,43784,52634,618032,145758,131740
199917,147068,32010,76737,626405,159516,153331
209255,184717,41922,68194,615270,154458,186039
186639,154120,56046,54795,652812,188457,158038
201677,190171,47815,81671,631193,214782,199211
202979,184232,62415,50898,590080,215056,185286
207856,162775,39604,66143,637322,181334,170727
192406,167395,54999,53371,628611,117594,171388
192439,160772,31036,69724,634311,146256,159364
207879,207869,61919,83083,631507,145726,228553
206780,153393,51930,41898,650744,175190,150135
207109,185544,63497,75931,657035,163727,201797
208577,194201,47879,73094,646087,156362,204469
201066,195300,35200,77627,638353,153344,207128
209065,185955,31794,50278,644424,143024,184954
210252,180444,64934,75009,646940,181348,201263
202893,174891,51249,74526,636211,203928,180745
224235,208759,67291,64274,658533,183539,217213
213800,182690,38050,79733,658352,163694,192194
201180,155837,41917,48819,676159,242562,150857
216663,200620,35367,50881,673484,165619,186167
204314,183674,70901,62027,645971,177004,188097
219109,193802,62637,81558,670162,218107,201750
222782,183452,72012,68023,645195,173026,187087
207648,182791,41628,40466,671500,221960,167175
222621,173864,54087,81121,654913,143990,182655
218917,200273,63080,50498,648915,159028,194181
222892,166486,51876,59401,670066,164602,165746
232191,200770,69791,55438,627348,202475,189768
215754,201367,71476,73731,642804,157139,204433
212388,169585,70432,81090,668008,169620,186217
212003,187620,66895,68810,673508,187792,191346
213293,196154,42485,69396,668334,184110,206400
219903,209560,43294,54744,651783,138452,206408
223950,204345,70834,71411,664808,201089,214844
224135,193189,34391,62968,684546,198377,198658
229240,207499,73341,75364,689007,171057,214939
223427,209954,65905,43048,681638,186127,198450
235652,199657,64628,81421,700835,224441,214136
222607,184849,78438,66062,691046,205465,193074
247186,218931,52463,90457,675474,179824,229548
231131,209508,47946,68341,684080,158248,218203
219969,197605,38938,43311,668846,178773,185443
218960,197988,52912,72558,689869,236938,204996
232088,201087,46983,59663,709774,211417,197870
227141,211070,46744,84913,704974,149947,217823
235341,164521,78493,79802,717326,192841,175858
234116,205017,80913,48956,693354,262322,206495
230448,174270,41468,90312,719690,138173,189662
224957,183209,53508,65190,698201,219326,185148
220313,179051,72472,51009,724776,252123,175338
229561,197104,34925,74848,703976,144543,202795
240685,219676,38269,63775,716514,247416,219771
236247,190907,37815,90662,729634,192676,205831
225269,191609,62021,85358,706207,246131,203791
237321,183435,37246,95294,713986,169518,199223
239719,189406,78685,67014,731645,188030,194957
230266,179406,48885,66991,711918,215258,175633
239267,188127,59631,81244,695702,229206,197741
239204,213991,47230,52458,749262,179971,194647
230295,206577,55256,69376,711672,217122,212325
243002,216709,65491,70248,722701,164101,222767
245327,209833,70139,43668,739262,175529,201847
250205,202810,76648,67616,714396,173395,202185
250672,233878,64921,93880,710007,184844,249727
231921,202820,77685,79355,730532,190584,221162
236141,204262,71370,51993,701432,154666,205986
248464,194756,75432,63702,725611,145088,193974
249155,208121,44054,68036,735207,145498,206676
249866,208507,39582,101905,729083,207774,229884
277268,236488,52133,64557,711582,248411,220838
251714,217834,71932,92427,760249,172064,230376
256932,214827,58947,52965,739491,257456,211462
256180,222303,59068,79941,761006,255432,232123
254460,225302,82210,55317,737240,220779,221635
247427,221750,80938,94456,729542,211889,231348
256722,228546,85825,71044,748382,231493,231460
245168,225974,49185,77610,742709,163448,227482
250157,186682,69050,60553,729881,171949,184899
248869,185035,46685,81526,771195,232666,186633
254108,192245,43002,97136,741416,211075,199962
272671,239820,47317,67073,724748,219109,222984
239916,218125,52881,80851,773876,152025,231863
261045,212451,58926,85246,747991,236809,217421
243354,233260,78487,53474,748039,212297,229072
253181,183292,44152,72852,732277,189324,183075
266369,244981,73202,64138,786474,201113,235758
258872,207744,68311,87093,742619,218791,210951
250437,187268,54420,87579,764440,269969,191862
254037,220190,60162,55113,778854,215219,208380
265897,211915,57095,84947,773092,232758,219459
255318,204448,66166,94755,767473,219352,214567
263593,201871,62703,103174,744444,164767,227428
262927,243235,44290,73234,759425,151820,246637
258050,213928,39345,98761,775990,146132,230561
281115,228698,71755,90834,762967,200850,236069
269736,236892,88771,75401,779426,193907,248034
249164,230724,53321,95398,788204,261412,243653
267557,207403,75805,88724,794017,243124,216982
261472,199613,72465,82165,762788,148327,207285
274286,213504,93053,82220,815732,200952,224029
261828,216660,82130,94153,795896,203025,234355
267950,244898,71104,85406,785960,223776,249797
273609,216393,74985,75961,803930,186329,215255
277196,234062,94900,72287,824670,181050,238512
261368,237933,56561,79940,769209,265544,245218
268995,201655,59393,83844,789013,266961,204510
268572,234760,44412,64914,758317,179716,219514
267846,217661,85897,87203,798485,206361,226682
287897,277729,88697,80891,802678,219581,284158
277714,251701,45873,76479,798211,225972,258308
265088,243902,73455,67260,790582,243246,236004
283218,240527,64495,69685,771259,148571,233481
293553,222560,48092,116082,809206,244015,237390
285536,239695,97635,79293,827036,214152,250405
265823,245779,55000,58087,797941,189300,236305
274804,236713,46055,82114,815009,220984,233400
289514,261424,74966,71981,786487,203325,260691
274418,255256,80783,61137,818469,208947,247157
284331,221284,42651,75999,807312,183817,210900
287678,234685,78922,90333,803378,212239,237593
274766,239651,73402,81358,805010,162540,252419
282406,234964,44078,80155,812113,257641,235427
257653,234551,52364,85004,825356,179635,241748
276089,257695,75260,103492,801538,159465,272701
282964,237175,62488,76249,816866,246918,237138
275703,214635,91706,70537,823802,271720,216210
299445,267380,93500,78402,809540,253552,269282
275645,220061,91270,77567,854577,223751,224634
284267,251893,55829,85869,816426,195797,258997
289534,236772,101064,76630,820789,254534,239046
300719,262831,74932,106606,817757,259346,271437
278402,219368,57789,48143,861011,193138,199606
299895,263915,46907,82068,843929,261794,250806
291373,246018,46326,111328,823188,171129,270494
284139,251546,77759,83316,855432,287983,259869
296389,231427,73377,97388,843450,276581,236295
294985,267055,55440,70209,845900,248822,257817
289292,266270,78331,101204,838476,294655,276075
295353,235910,57883,61504,834004,253704,231232
292412,221410,75275,113982,851913,196526,233400
297104,209599,65889,66818,840272,225675,201350
302193,264639,94456,109257,877301,187209,281128
310285,278925,96357,88985,832612,214897,287712
288395,253387,68607,99141,876295,278865,263716
316063,257501,70544,90284,853185,210545,249940
284082,242688,68172,104929,860942,231636,256190
299186,260493,93509,67140,870555,249016,249927
305807,260922,68931,67468,850205,265535,251654
304049,284398,54149,90827,874224,183341,293293
297520,229362,50140,56987,822249,201778,204471
301538,271770,70083,69688,853664,198979,260231
299959,256449,69487,109429,852205,285843,268217
299889,249763,93201,122015,848865,173796,272167
312102,276168,64200,89489,866044,263560,280613
308862,274423,72714,110154,876657,191897,287271
301163,289185,94595,99718,883012,208396,303252
314604,235368,94415,92380,877687,288182,237750
310566,225614,69885,105971,865690,168045,237532
315311,278859,77155,101408,882812,221318,291025
314546,264971,66788,139256,880743,187791,289297
303578,241280,96626,70213,894521,255879,240755
306429,233802,50564,102574,893736,246198,241390
317589,240913,106756,67720,884140,209114,239031
317195,303337,92572,77374,871826,210722,298900
312845,248599,73598,64613,877092,215932,238562
314652,258142,48766,123333,880241,238867,274987
324635,261926,80003,112260,885361,286478,274354
310382,247990,74417,109204,895712,237195,262409
320192,250824,60431,91645,904020,272650,253531
314898,268409,90323,82117,894128,201158,261483
315475,244895,106196,69818,896738,225241,246421
326708,290896,80016,76472,900247,218729,274452
325221,249795,94094,95774,891961,197240,251799
325827,284468,56339,111962,887420,200628,293687
330463,308273,81354,95419,876571,242706,313094
320888,277026,57732,68309,894077,272729,271644
326877,274782,90381,66895,913203,304179,254291
319639,267216,109080,61737,897164,198617,254188
325416,258598,90214,93458,905742,274065,251617
322482,294897,52935,119448,917907,289179,309057
325000,302965,76810,114986,920322,263235,318283
329686,294734,82934,121427,897921,195311,320082
319079,272933,78437,91578,930671,249358,275883
343065,311050,107692,89702,934227,176173,316778
318978,265647,103795,70186,901971,217858,262208
318014,241359,82395,122378,908162,282676,259136
337693,291492,77634,120304,939988,217649,299146
335462,309833,65240,77286,921520,198718,301161
334822,267301,53067,101559,892028,296707,261798
335557,294895,74806,96800,905931,296626,303188
331133,260285,80061,105908,924787,253123,267728
324753,272401,90073,115977,912684,266289,294518
333239,240998,89353,110156,925530,245818,249923
327916,274327,53509,102506,933819,200481,279446
341834,322548,78035,67940,956868,263720,308796
333558,278063,63805,80401,932179,255878,269675
328831,290236,62486,78522,954226,325185,279569
333565,301663,105048,63698,961171,195483,291223
340140,318314,59438,122880,962855,254003,327175
333027,268681,78546,116773,947214,245072,276340
331660,268147,59867,77329,915095,259217,264378
340888,272743,106249,123050,953058,208547,295447
341599,328298,88508,81147,963473,216575,322391
336284,318869,64995,86204,948133,318998,321876
337272,292007,87362,87028,977119,306679,288309
343598,315680,103194,84779,965450,252922,319458
330857,286653,109490,80853,962678,256507,285584
331883,293855,64931,107442,972051,234709,295877
338096,257474,112651,91332,962357,231304,269608
342836,305473,120072,133194,921566,296150,336381
347732,270292,118556,71196,953073,341466,260480
357748,336710,101408,75648,980119,250456,329727
353507,312986,97735,63395,951649,239276,293932
346067,299800,80982,111377,962013,321684,312629
347895,264426,108284,74051,951294,251212,243572
340728,276508,83316,124882,995327,288496,288762
349301,281397,98672,104900,995392,236414,292955
347840,287398,79665,106446,958513,304356,291644
353432,269930,105859,115497,975582,267778,283577
344933,332277,112308,79818,964767,312813,320832
356407,297175,62108,82502,985800,301478,295091
365214,291256,108450,94924,985823,244419,296693
352783,291977,89802,115328,991955,297261,301680
357568,290297,116780,93600,986360,329189,289405
360576,312689,86802,77363,1027014,255918,305899
352545,310738,80892,139406,969165,221350,343572
358249,334686,118461,74916,960527,186545,330389
357257,304836,67698,123842,981891,250597,327626
358639,332583,115895,128354,965869,223297,347919
352374,320586,84464,84092,968604,261680,309449
359455,282330,97429,72796,977572,219201,263413
363943,338788,78756,85222,980361,325032,331810
372269,295556,96763,124461,981476,246366,309490
369035,340456,77524,122262,1005170,229825,349817
379287,306670,59593,135145,991406,259185,323925
356623,331568,72175,133308,997907,256940,355518
370442,345133,59389,125125,1015615,241650,346771
365630,339998,126947,78357,992308,255525,329530
382383,356689,129019,102049,1001437,240975,363570
359099,285115,87916,125526,1012493,320133,297728
359548,270615,106457,85981,979485,316703,261970
362171,293273,81680,72476,974436,282835,282838
350676,273773,97844,122312,1017003,316320,283217
364162,326534,114375,100492,1020793,324598,328473
362996,303297,124116,136800,1045978,227041,329735
370972,350158,79670,126705,1018988,335131,359763
373204,325827,120492,81537,1030514,324809,321870
386180,354071,82338,153028,1016887,234458,375760
379475,289653,130891,90611,1025879,234552,293934
367957,351942,53783,91383,1048031,252476,341795
366085,332480,100144,103205,992764,220134,338721
377909,321353,106793,77859,1032430,336495,312697
364112,329375,105789,112112,1059861,281416,335053
390027,352220,68469,87225,1033659,324385,327938
385511,301473,131708,109043,1055789,313393,309664
373023,315116,73812,92652,1023194,288526,308150
363772,300751,101578,138424,1033753,319504,326374
389009,311382,72527,139468,1036338,210211,325638
377962,297983,84005,90677,1004173,259111,287751
389482,306622,105911,102268,1021516,304210,315515
367524,268997,95250,102488,1024187,202043,263279
376185,290709,65112,80114,1054573,241910,278541
381723,357246,71037,139562,1056926,345315,370946
382758,332667,83177,128911,1050305,331782,342974
379482,348325,116056,90491,1059408,249237,342130
388766,327976,126490,109757,1046186,325713,329526
375943,317548,68487,76981,1068279,351776,303293
384046,318731,85477,121638,1051983,261310,333715
386848,325279,60715,89046,1054321,188309,314258
390702,297311,58488,165672,1051071,357495,325640
392980,347656,105029,139264,1066923,283392,361187
378990,300733,104766,108333,1051940,233519,307254
376415,325107,62539,118304,1074506,299526,340706
399610,354600,78713,162469,1044479,308626,379571
392748,317329,54541,113337,1046579,235466,313635
384802,292178,121017,90863,1074976,263385,284605
403900,370314,144250,103244,1064938,256683,369259
393117,323229,70699,132381,1061059,384621,320035
402327,300687,76384,133789,1082820,246888,313043
394133,376856,127480,130818,1061962,308939,388932
410780,321736,137785,151946,1069669,362589,339850
409037,365771,97102,154410,1095262,231342,392488
393703,370855,58941,166657,1098963,352763,393313
404168,322456,65587,87209,1101063,381869,303848
402260,305636,98401,126778,1074847,359673,322098
408746,320110,91541,139038,1099141,247784,326946
390779,322081,59391,138790,1068047,295759,327539
404687,308981,109810,128852,1070280,343768,321530
408367,359986,62246,93242,1050228,362187,350980
386530,296308,114631,148046,1112180,259218,314042
391835,331178,79834,140685,1075728,361119,349643
385688,365752,61554,84465,1088392,247293,353075
400547,378215,106977,105743,1078237,235657,366817
409143,355718,92176,94260,1103920,288046,348969
416122,335430,142020,124826,1089460,365077,350607
405397,350748,107021,81392,1077124,270893,333825
418534,362482,84266,122733,1104923,333303,371023
395165,328961,115079,129701,1078393,378285,348659
393279,301344,86856,128484,1088940,281827,312159
407163,385498,130438,131253,1071499,310833,397794
411380,354059,86982,138906,1083345,270786,361983
408747,318868,108614,102784,1108984,299713,314671
393170,312596,60916,84034,1078439,315396,298203
409697,347251,95416,152594,1087292,374567,367262
400675,362713,124459,86436,1111075,307995,342079
417169,378828,129014,163435,1104558,339077,415453
415445,363684,85750,153263,1144194,275181,384440
405694,310521,81604,123122,1143424,269929,313108
409802,334193,131043,156824,1104498,311449,366693
406140,348088,132247,95122,1127476,242532,350793
414813,312788,66680,105121,1131959,252269,289930
423657,334033,93165,130436,1113360,330107,342866
408830,366346,86488,109839,1101490,192662,356414
421449,331762,139477,162714,1125341,260498,364627
413876,355352,70546,89010,1124534,306105,338915
412475,330616,78623,134629,1122192,327896,343030
418663,326871,125738,132025,1136965,387899,336717
411938,319440,63950,135566,1120670,330615,318160
416491,403360,104115,99078,1116253,292549,393127
412038,375707,100536,116553,1136771,374257,379744
438040,407204,90154,162442,1142526,345050,433595
423305,350799,97799,99064,1120688,266478,334966
418125,321636,109832,143248,1153861,261742,343475
426136,371833,76428,140402,1114984,355038,378282
424226,355956,114267,143374,1134471,312689,373976
424058,398721,140362,142377,1140874,371626,414992
431439,323336,129995,105985,1136802,349937,320479
433287,367202,79509,129966,1139472,349041,374693
423683,322963,73985,150797,1177615,422023,332381
424022,347732,86889,110830,1138387,321326,339392
427128,388657,96295,171602,1189371,253978,418635
411614,345373,95951,116824,1160911,387946,359058
418609,329801,116637,110312,1157336,282952,324804
442366,367869,71988,117956,1164701,360525,371958
445291,377506,74268,169208,1197108,395352,409353
430840,393199,99742,110890,1145856,345473,388120
438145,414196,129699,164915,1145556,349714,440107
436724,404560,81693,161966,1152640,323885,421374
459565,421082,130147,127161,1166047,283599,423576
444592,368644,90630,91428,1141280,274674,342745
435312,375724,139589,143236,1169103,360714,392517
429392,361543,142285,103639,1195773,360279,365812
424886,337280,86020,140390,1174243,360471,345282
440066,403568,84353,124382,1169183,261240,401685
433088,330230,101157,127145,1165902,338976,325837
428461,395697,85772,149196,1190254,370143,412794
435367,362654,120284,126584,1165990,330118,369665
432588,379775,139519,130996,1207675,340963,391018
455439,395114,131342,123680,1210581,385171,395836
449695,411263,139481,114007,1187034,331504,408296
443279,392980,97074,132450,1184612,283224,400196
455883,390996,82200,161921,1201846,399144,407713
445363,343957,131198,118010,1204409,273214,346016
438555,377162,97740,130205,1177499,397830,382638
458331,347158,129193,149881,1183292,244689,368214
451158,400843,86071,112610,1172957,243959,395284
439249,381600,71858,109052,1200530,407134,372101
446725,389932,154774,173782,1205995,283858,431267
441944,332354,81999,154142,1177348,373698,349524
438587,339150,150395,133793,1192371,369438,358363
457759,413600,163171,157207,1180591,383964,440283
466326,354958,138249,91097,1188920,434397,328503
440563,333115,128121,134486,1212269,296742,349680
456956,352357,120676,139859,1194603,367705,362185
447948,432086,147364,134396,1202694,289028,442798
449956,409710,93779,123942,1184399,292361,409546
449815,369653,112965,85274,1213215,406516,347418
448343,357997,121629,113967,1211347,329041,355708
456344,369192,102684,181403,1202679,343272,396185
450009,410362,110237,119283,1212380,344406,414566
459521,407933,98942,127400,1219521,350282,406595
457656,368602,120957,104717,1206195,409023,356421
456847,362446,149947,91114,1197876,254209,343696
452198,339029,82960,151130,1248705,366830,352054
455545,408130,155253,128804,1213724,413317,416540
466903,415567,132613,139130,1223373,351846,425902
465568,371552,146096,114613,1241589,262133,363182
454441,344236,118934,162155,1280963,378220,357888
463757,367413,137364,101360,1210962,298404,359297
469674,461831,69636,104175,1237978,287193,450365
451009,368546,145523,134013,1222219,402589,373403
469411,423176,76838,125792,1226352,346568,425035
460464,406082,150836,107026,1225232,421650,401583
471031,394580,164833,160399,1220752,372486,417759
461061,362838,95393,152427,1238619,362983,373142
453428,361850,91156,170916,1218723,245893,378254
455548,399075,137463,128815,1256644,311724,409359
469653,427988,94910,88184,1244869,295825,399463
472047,418822,155962,119486,1251982,431900,414387
463436,399258,76715,188821,1240254,284456,433857
476480,366391,88151,147648,1243340,288565,362994
458779,429246,154068,154938,1254763,364790,442752
472244,426270,139368,94263,1234591,320136,409745
463785,368399,147004,126326,1248283,290717,373504
468959,446269,100035,105668,1242361,366243,434402
475254,418323,129918,144649,1243498,267708,426416
468692,408861,124642,182578,1226810,262430,452523
473199,435744,124942,185857,1280149,326074,466643
485027,442483,137140,155730,1251363,385129,456132
473062,420920,124983,139994,1280713,373593,423779
485063,369674,117257,187516,1280896,365576,400187
470041,382008,97068,152865,1247176,338473,396200
484018,457028,147927,107075,1251741,317720,452566
492013,396207,92781,134864,1308077,431132,385507
461408,378636,130460,117681,1297535,289297,374732
475506,397291,98912,134285,1272400,375950,399660
487199,399107,131806,148081,1278335,409252,411608
481658,418147,149184,153217,1266613,413712,433653
486953,462403,93614,135357,1284162,313215,463144
479852,386440,77737,112145,1268521,317975,367030
486078,379374,88855,137423,1250395,387025,385915
484840,383077,135304,173167,1262659,273402,412248
496129,460145,158373,168474,1284400,430271,475783
489522,426408,76669,131865,1268719,380067,414644
490889,400429,145542,195930,1286278,396685,432061
485593,445965,107001,187727,1272768,268259,478038
485688,450890,122010,112639,1278755,379412,433635
486829,444387,163476,97223,1304889,390100,428193
494146,448506,108787,172606,1297405,434480,469822
488323,397460,123610,166922,1295150,273910,415872
494710,442865,76704,203071,1310081,274289,476005
509696,424042,85707,194857,1305707,335954,444424
500762,464061,96456,166432,1321798,300139,480011
491886,438229,68630,142619,1294803,357803,433300
504804,463354,140630,109994,1296858,434108,448238
492631,437824,115621,133985,1285388,334862,437906
480291,381363,123153,133603,1300071,428118,383686
489232,412057,91204,163200,1322579,268405,424820
483031,464670,100862,150445,1329209,297780,468820
495886,466450,143602,165107,1325715,266664,483734
499546,376757,171633,130325,1286000,358392,379125
513511,402920,79963,164892,1330761,458321,403899
503416,380167,168129,106552,1288538,281404,366019
499748,449824,131970,147125,1331189,384526,458563
508837,458675,135293,169775,1313802,346322,470309
485213,376514,119898,156858,1331458,452151,395618
505488,421122,80889,201932,1302535,287958,457252
510471,475360,85999,130592,1341691,288444,459395
493176,438386,133286,144191,1303751,247694,451702
514855,451178,113776,140951,1317300,341560,448963
509114,438731,168960,149340,1313957,320036,451596
503784,418815,111025,191391,1304216,428153,444239
512870,408474,90329,172140,1333550,405455,426289
526674,461936,156667,201299,1360825,379726,498680
510664,452420,105668,120689,1375338,375785,435489
511895,470042,129842,202062,1338394,304359,498790
506935,445673,149750,103383,1355288,363100,421954
504512,458194,164379,201090,1343621,480785,498647
518654,412299,155344,138040,1349224,463496,416367
505864,434786,143827,126122,1338211,438662,433612
513985,384290,145509,162278,1347871,434822,397897
510292,399939,170184,198693,1354608,288589,432005
518646,461859,107956,112941,1339471,290138,440165
518184,492988,79317,146260,1348587,266624,495438
524516,398008,107178,196450,1350474,342150,422081
512836,420064,100195,140228,1365349,301799,417620
515458,471137,150988,128501,1338564,370071,461771
510488,403405,140245,145471,1355383,404235,410039
515464,444020,139336,146269,1386437,451281,446117
522738,464143,78581,189483,1376820,445325,488929
526476,458335,153169,187758,1381198,464727,489084
513743,399081,108549,151455,1362929,287133,400455
528778,439509,148214,218548,1368979,278256,481682
533367,489847,140455,159421,1380799,430676,495621
526530,442184,122118,112638,1390771,350174,416916
538938,399190,93198,138489,1339694,303337,385247
518434,458751,86305,143909,1350838,322963,455931
515368,386265,162823,127362,1391813,341635,384713
511796,459679,171963,209308,1369620,378223,504053
538695,417138,151602,192323,1365299,357738,442634
532662,496031,94770,143065,1358164,388214,494876
527683,428570,114301,165042,1370253,414568,438394
531068,434269,149922,178855,1359144,351383,458555
520525,406310,157774,202301,1413148,345257,433945
549796,441620,98760,209077,1383046,306587,449889
531964,493303,75101,159235,1384115,368202,495561
532506,502210,146696,191691,1395407,424893,522269
538138,441614,120813,169661,1402623,447613,451498
536881,460871,108588,161731,1403978,438449,464705
535524,487023,78439,121988,1407495,314380,475072
528110,481887,133327,123262,1383530,394631,472621
538906,473077,169664,165712,1390126,410731,488405
550892,461175,188475,145564,1407731,397690,468876
547299,448750,142142,105675,1389886,390580,427258
549982,493915,140568,191846,1399322,374274,515013
533848,409957,80594,104386,1406982,412205,386306
530721,457071,135297,163759,1414380,448878,462296
538333,436519,118282,162565,1377538,284184,444840
540485,497320,145933,208112,1416526,428138,524269
549494,423969,123530,160373,1403901,312099,429109
527901,461337,106949,111224,1419620,305664,441287
554378,471155,88108,176230,1422264,489100,487249
541578,478102,115483,197813,1436330,501601,495448
540128,404143,93134,207782,1434115,291302,429372
536147,470585,104960,159075,1435613,357197,478279
531706,465506,183305,136216,1438672,322839,468391
552231,474719,132857,210289,1422989,388952,507821
546932,475952,134807,132538,1420702,457745,461796
536727,465974,167112,174407,1434914,477686,482386
537387,492644,190143,156553,1434404,401559,511061
545762,442205,145452,116031,1420389,353311,424982
562501,514321,179314,147263,1432698,426969,517460
547773,472162,113863,149504,1427701,367431,468878
538525,410189,115268,182572,1417020,491042,421586
549285,421783,132239,213351,1450788,469781,460793
549770,442960,157669,144246,1433861,392991,444773
531077,481535,152950,193653,1465365,370425,522332
552918,491901,117823,118701,1411853,352125,466722
552206,502602,92830,182333,1429486,297864,518740
560324,475993,158984,118595,1439929,440025,452883
570247,477100,98339,218986,1458101,379723,507486
565168,445499,151677,200240,1448634,360020,476985
554705,449818,155445,189292,1448901,398015,462375
548705,449519,155653,192623,1428936,470483,474349
578845,454888,178360,180903,1430093,314481,468780
559432,452546,180534,217362,1453886,481786,489552
559771,479048,144298,183715,1430189,479597,498574
560167,506682,165602,213502,1444274,502178,548754
562645,531309,148546,173234,1461367,383159,542471
560606,526658,107693,120793,1440720,335858,506135
557873,491864,84777,163371,1481137,376019,492046
558788,464762,117713,126283,1477017,370136,447771
563601,489708,134554,183819,1436688,331114,500061
560217,504046,148545,157628,1447876,424672,513271
559562,427418,179548,185687,1429176,392582,451846
566817,466590,113858,118588,1453326,495499,445424
564626,517902,100350,139698,1478162,305933,501112
579399,474733,198385,178907,1462059,425830,490350
546860,476784,97072,224340,1476781,474966,512504
577500,509936,142522,158026,1448636,438365,502333
579438,452476,155403,165614,1485042,481410,449474
553583,456729,139701,187763,1466348,457652,474114
568129,467104,95696,182242,1476458,506969,479170
568600,432261,94881,155378,1476484,354030,423491
561012,423929,93479,151571,1460406,397720,412435
566750,523791,155662,133721,1463784,288575,509929
564789,457330,145931,228963,1497199,295162,496833
588392,494835,113101,138151,1490269,363055,476710
582560,476940,164685,158019,1501636,331511,489580
585948,555022,183135,124489,1492357,356491,545270
582249,462302,94457,143982,1491233,331297,453146
568144,475157,140948,209814,1464800,283030,511046
573681,534495,164961,138191,1488236,517678,522038
582493,533698,118248,130954,1493483,307644,508952
569502,454761,121353,181150,1524792,464834,460912
585683,547465,153745,121295,1507401,344517,533876
578758,482388,187387,125810,1521739,511731,467158
578382,481369,183234,212712,1509263,500526,509983
587769,458341,156318,206417,1491232,449736,482675
586336,453533,172010,236523,1505260,443937,497529
580595,518589,125376,216245,1508648,298812,549404
593458,512739,161856,198414,1492619,520487,535722
576236,474491,134096,117100,1502542,492362,447124
590513,533199,110705,216045,1506823,511708,562444
591031,530126,169809,222486,1535595,481397,563289
584510,467275,149828,207829,1481902,363969,493568
590296,526720,130678,180972,1532801,492046,539117
578379,444841,193268,135074,1502264,342122,435007
596481,533699,98249,221065,1497336,424047,556862
588310,523689,120865,205485,1537218,322482,548272
586308,549583,98094,240804,1532099,520793,583972
599583,457684,184776,134732,1541540,342449,444111
586257,446534,167924,137319,1536334,339855,439463
581324,457284,126333,136412,1556823,419923,453102
580840,465949,164243,201553,1535908,486769,494988
598842,474573,137804,148837,1526781,448823,467542
584451,541312,180593,132425,1535874,355544,533270
609433,496153,148590,245199,1550984,290530,533779
579440,458557,136220,124870,1522243,482990,439861
610368,555358,204370,224704,1525757,545892,593455
599185,501610,115490,163146,1532502,496015,498954
597424,539194,103379,218380,1507169,395305,564755
594539,458419,162307,183304,1542411,518114,473595
602792,512915,202697,221518,1513650,379391,549014
599999,457456,132175,232464,1544339,443164,493466
609827,470821,99419,122873,1558124,424121,434423
602615,559220,128332,133338,1539593,390074,537886
603604,465840,149239,151412,1573505,494057,465330
600194,507545,108195,199569,1528042,431906,523851
603348,497165,165818,223501,1569420,384446,531282
606966,515084,209242,177588,1563280,369881,538094
591523,557565,144281,193803,1529014,299767,568192
595120,440831,127567,135743,1597018,465908,418129
612552,532801,136179,221564,1557001,357326,569307
608674,576675,103428,240657,1546397,317763,612117
606536,526138,200323,150299,1540054,454595,522452
608856,574013,141251,179087,1559462,483014,573871
612190,464011,137851,134134,1562453,484128,446371
605792,504331,170928,183235,1567505,452760,519302
604584,486863,138899,183461,1563100,527392,490137
613078,549934,172929,135849,1578667,541524,534347
604385,558589,99235,179626,1564956,500975,558825
616178,492369,191478,176098,1543347,454991,502568
599992,523386,205875,178313,1571733,382790,532568
622547,492626,170777,200100,1540063,531455,517376
618795,551973,214339,121176,1582483,387939,537537
617763,522848,111837,222781,1564089,349133,545785
624277,587687,152240,207553,1582830,408633,606658
630440,555089,170387,174675,1601693,320516,557446
625932,516099,166393,127448,1569352,568758,489603
603791,469142,142709,210887,1601104,467906,491355
608982,478799,129294,232978,1580285,451732,511484
614921,501240,105548,156630,1614686,469082,497431
620829,489998,144874,160151,1584512,442513,488450
625462,578344,112380,150845,1578984,321992,566885
616216,525770,185639,192626,1603501,470546,544922
624216,536837,124801,143601,1588257,476552,512849
617380,471694,98633,168196,1583774,417683,464702
619231,568444,163337,206359,1590830,493789,594934
613571,547107,161617,192500,1598930,365042,555642
618139,477825,202777,179057,1621333,386890,492557
615412,554192,163926,170917,1573791,334411,568706
619119,524168,137065,199285,1604750,417271,544091
636056,487768,195624,135447,1615379,536526,478319
620733,518188,155200,129812,1610509,511550,497569
650088,543034,109330,237321,1628857,409462,574504
633676,494964,160574,138115,1609695,461508,472545
631909,591599,208591,212971,1609644,499351,624001
624264,588880,145943,249065,1622898,381463,634283
637434,565965,133968,162169,1617105,369409,557945
627927,520737,118051,168102,1611361,578387,520913
634209,524497,117416,193269,1626560,469893,528033
654414,582140,152842,251733,1610632,538649,620204
633866,557076,170678,243325,1612854,414194,597768
644529,481908,106929,224459,1615703,513724,497029
630410,526145,208277,141782,1645521,388762,516780
636456,591216,188769,210047,1578511,364495,606238
651603,550889,172507,183562,1634362,450880,560495
633122,476211,193760,186143,1630544,390859,488112
653338,595952,108621,140506,1606418,369388,566060
645201,494070,157564,156648,1637879,375945,478827
635740,509708,170457,226559,1641971,333597,539165
646000,507747,205174,188169,1645281,490850,523022
649422,535501,201321,167206,1598260,439153,537466
647316,577375,133648,171791,1660135,351099,567854
630481,538867,212241,235120,1630175,370139,575936
637926,499032,113328,232607,1653141,356322,529023
642464,596175,210858,159064,1655560,471399,589708
644549,591427,222768,140191,1632895,357176,579545
650811,598976,118206,158609,1657554,518465,583868
647968,510947,191600,252540,1643466,321887,557763
636564,538778,104199,203599,1619780,411437,552972
650989,621636,148643,198863,1669968,562818,625355
653533,589649,171805,204069,1642428,503666,595312
653827,494152,172425,179091,1642838,363531,492817
658696,493920,222201,230243,1651211,555721,537661
657422,552268,184986,201005,1662942,453827,576794
655124,610172,161997,150679,1659601,546887,603719
651590,574620,198027,140881,1670283,472711,557617
639565,536678,215882,188921,1643571,495044,542459
656990,515386,98171,262358,1654129,574944,541491
655915,584076,227683,168574,1665126,393273,582979
657127,602574,112872,251385,1696936,502199,635108
645441,543740,203882,226954,1668362,455587,583355
647707,588487,126356,160833,1687950,350430,579860
665482,629815,123541,140125,1673851,323874,603059
657441,519555,157337,140459,1667619,352086,492900
663910,574763,182762,230175,1672775,490865,598983
659385,538985,149618,156301,1675551,474270,525486
660097,595991,106746,174432,1688734,490545,589406
668066,570308,178305,202334,1701900,334557,584696
657132,575032,217763,225455,1688278,452213,601708
662730,598008,148380,146769,1702290,587990,580499
658964,546028,126142,179298,1671614,430417,543295
659887,623111,155334,203953,1681468,499436,629792
661590,563978,101339,208262,1678424,530340,567676
666541,520706,209796,247223,1695607,541587,565319
661635,588661,210348,153517,1687108,466092,578070
676212,619532,182499,235849,1705040,568439,657377
659710,523095,148005,233126,1681730,416534,552833
666072,610102,207426,206959,1697942,561571,626495
664750,620302,171860,222208,1709201,406988,643434
680544,555298,217017,194272,1669520,410482,566008
671242,632516,181386,158663,1733926,378516,617082
678625,516807,205555,225970,1699456,538007,539042
659186,524741,174898,207401,1674929,457520,544653
673908,526449,160145,226372,1709278,392690,553094
679589,624063,234968,176476,1709010,417165,630014
673831,589804,175460,253612,1708881,582643,636633
682397,531450,188157,221431,1726579,550327,550275
670436,558240,127492,131975,1724524,491776,533818
686550,586165,189936,198325,1719383,502161,589953
694367,537748,183160,236757,1723268,474769,559894
673773,631889,128514,239385,1716552,441478,648894
673813,617564,108756,199921,1746352,585395,617057
689705,580141,185666,259572,1699133,388270,618520
691415,651089,210940,172535,1725017,452093,649472
675296,562855,174613,185028,1725499,444198,565241
676818,644419,130214,268460,1738325,474853,679906
678626,603633,192074,266707,1715069,480744,649255
670825,583865,108195,220353,1703174,465058,595437
674933,529093,153387,258848,1733283,375664,559498
674949,628007,123896,144976,1736750,499324,596216
677541,574819,128453,253368,1756478,409826,603774
684106,539504,131080,180372,1716680,410014,538467
686958,521685,150325,158594,1754657,378697,504256
698189,602308,110818,177982,1774450,556027,591133
678499,588905,149100,193047,1734874,436448,583350
695061,623753,179502,171548,1722778,506258,620505
686175,631640,165993,174705,1737639,538391,630641
688192,535494,159681,151748,1745555,540985,504251
694687,626835,223629,171880,1755403,494029,619635
681008,533623,119243,214208,1739677,440938,545645
693749,636507,170829,194073,1773478,464323,642094
692723,634798,113555,185252,1735033,522767,622231
696031,600084,111777,249967,1727265,486530,624167
695106,621252,184352,269234,1771555,585938,663347
713135,581554,186251,250404,1722437,547170,613814
689092,591954,219029,183138,1755096,394056,600913
690646,637906,173964,250358,1806524,384352,668307
690610,582536,236839,161717,1761180,516342,580596
691852,574045,108831,154763,1746151,439888,543783
691897,581117,115687,179077,1763703,361315,564712
707209,649944,114401,257654,1765404,602179,682177
709762,590761,136285,181068,1770177,418384,583555
694533,543728,178548,144534,1779303,588301,523889
693140,613475,192443,158342,1755384,509732,592312
704271,640633,113562,259994,1797885,567037,668159
696783,530074,232274,226758,1777850,406728,561358
706965,559431,225790,164754,1786677,408376,550095
704225,545942,149065,217947,1767955,471420,551572
691177,558047,116387,216012,1798274,397260,568700
716384,601906,125988,234028,1776724,434411,613217
719071,652409,123833,177612,1786345,451396,644496
700503,611156,119712,257424,1769787,398597,648739
703004,623672,178660,185900,1770431,427872,623836
709093,584858,142672,239177,1797310,559625,612694
710183,658337,161886,139630,1781934,411649,627051
713476,598410,246734,202534,1777382,363631,614814
724990,690838,206480,200640,1782144,533005,702858
708194,614413,244090,215592,1803877,619620,636032
703923,551060,126548,153513,1785559,458682,522696
699976,620675,162297,253297,1794831,394454,644945
705864,578613,185058,175129,1798423,505401,569670
712147,624810,114283,230388,1771039,594842,641168
727469,550364,105730,267389,1779334,562258,583899
709672,560659,196954,218835,1808047,536310,579434
716304,654132,201379,247611,1793549,429312,682842
715083,571582,169578,250863,1822057,512159,591307
725423,657306,185401,198175,1822309,394147,655498
736832,598869,174276,264633,1820196,549807,631179
713070,619091,113872,173616,1838307,583767,598327
714102,638029,153273,231350,1811366,633765,658219
727072,623605,131341,247079,1823947,435942,654315
724874,583737,125550,194896,1807049,369012,576137
734893,585916,252104,189822,1854202,526138,587207
725492,550497,196112,218830,1848773,570598,562503
718647,579438,213688,265161,1820798,558127,622185
726947,634122,155862,279801,1828021,415109,671724
731792,674397,171160,227677,1844213,423438,689037
730187,676967,148012,239634,1823218,520167,697347
728382,648495,125015,277960,1817177,452819,686315
733558,666415,138837,161536,1841738,603753,642167
735080,647492,229051,185979,1831406,507190,647121
737483,595579,209174,256893,1834576,592016,620364
732316,680296,192222,269581,1820919,509229,723000
726490,640347,173819,268011,1809269,570812,674488
729702,633458,247237,210230,1840178,455840,641928
738881,572572,117997,160518,1851812,580372,536496
723394,609122,149963,202607,1836452,434643,610508
733580,620542,158843,178552,1862987,523001,604650
728184,662837,224837,188468,1832484,423942,653992
732261,633795,255093,264103,1828824,478426,680246
742960,617419,142421,158897,1845237,470933,580972
734962,688703,240023,262594,1846608,441971,730339
734505,565679,230461,210009,1860998,642584,577822
723955,603912,143765,231663,1839426,416859,622694
741505,561554,170451,162525,1873174,586397,546835
741400,667766,173142,202902,1883758,660317,659864
754242,712760,257826,169474,1855268,372187,700885
735175,599047,135105,285444,1876203,561209,638541
740091,674245,227927,264427,1843211,445449,715984
741034,602816,163254,211126,1876788,404655,606219
752359,709288,227861,187611,1877971,497784,702630
739678,668617,170670,293270,1876815,649723,715050
743373,683745,200723,198332,1865232,370090,677525
746705,574791,229839,172175,1822753,506114,567601
744035,707441,227688,239943,1859042,529507,735103
739671,663749,236248,290078,1860881,640620,723090
745496,610831,116655,151851,1857198,413354,572606
753233,690740,212489,180564,1875307,562742,676683
737133,594497,132446,289172,1868790,550549,631359
747109,688632,173556,170340,1864307,547178,670461
741145,581927,193626,159345,1862396,615524,554197
757007,669384,176597,235994,1869147,603311,693355
735962,640752,187674,271120,1898303,410880,673378
744377,575653,261988,218797,1873167,505296,594811
752567,592437,133028,293003,1876960,491061,641925
762774,576179,213899,260959,1879435,479829,611070
750424,620573,175170,166840,1892972,501900,599158
747210,609182,130191,288076,1896333,512977,643906
767401,672698,136666,220976,1845421,512665,665594
741468,596626,251457,186861,1908017,660297,599960
736163,597021,237192,233655,1915839,401708,629016
757974,692870,249946,197384,1880143,644484,692795
751138,567551,262658,163359,1882913,508048,548018
747685,689427,144348,148825,1892345,541640,641728
762223,710480,165824,227041,1889360,628524,713148
759207,682581,214033,272714,1905661,498767,721032
753445,654498,189143,239969,1874706,497844,681554
748416,700943,176377,304754,1888736,478613,758374
766339,611208,176016,200813,1930195,479780,606362
765261,581577,209209,207600,1894785,643295,581115
759967,603467,204914,173629,1928961,619640,583843
776234,712916,137337,185503,1917241,410702,698730
753601,580536,186432,193173,1886374,420132,574509
750658,653869,195533,275329,1924645,517251,683132
758028,714156,198510,288885,1914951,427866,757051
763899,715580,147189,299814,1911486,547917,756347
766911,651978,231723,195541,1923594,422061,646557
763735,580511,119911,284905,1928641,545956,616941
769182,706836,167328,197270,1933737,394218,696424
757054,667807,233918,165912,1942398,499111,650475
779317,607526,202875,294563,1932448,587831,660171
767811,592760,155926,258204,1907293,542116,611795
778107,727917,223955,181812,1922424,673062,724051
772611,683126,202909,227531,1975276,666790,690191
774224,712428,241726,192534,1943600,489521,708414
775829,703082,227304,267274,1969873,407586,736304
775553,668573,216802,223997,1956867,650521,678806
777814,665304,187151,308885,1941164,672917,719865
784006,648590,136691,165805,1943660,636736,617234
775646,633220,157997,213657,1940192,424277,626309
780446,651944,184236,229084,1916275,686625,653954
774757,711514,208774,233607,1944214,437950,738111
787697,695037,198911,207086,1963705,588993,688599
771465,713514,161416,262180,1938152,659796,741716
791985,663313,119128,296386,1954928,460267,690026
777957,677481,198083,300929,1963124,667344,725333
767532,669849,161493,276268,1938306,478414,702384
780704,679086,234426,289110,1946784,681337,728065
774931,685547,117052,240691,1939886,460046,678874
787806,621481,210078,285527,1944424,673813,662756
776560,665733,261805,208813,1939044,415315,666467
778913,604198,140990,212011,1946453,611021,599140
768066,630290,188742,198690,1982853,578998,618785
780265,666673,129693,242890,1949431,532553,671100
765193,669921,212498,191553,1966661,462549,661672
772614,727858,197751,296344,1958823,580807,770245
792069,694125,188499,211645,1985650,447585,688200
792973,712458,198944,163758,1989237,560490,677696
790791,675891,261077,240302,1984132,484801,687879
780352,681130,150064,175711,1977364,671582,660405
788407,601311,120107,167387,1970908,412202,559393
789460,631026,257026,182622,1958097,450263,619315
780923,637728,203587,221213,2006730,472157,647024
802918,677002,267819,234648,1967784,518762,690597
798610,596957,215179,293074,1990735,462948,636094
790524,612085,244879,272456,1998275,541784,650158
793208,637111,186247,229689,1975654,633227,648602
795360,749527,241012,219106,2001155,610998,749945
778060,633658,257036,213795,1998650,567841,641288
793117,670930,207471,280165,2014708,423647,698494
790339,626628,146462,154791,1983350,608136,585112
788483,692927,157130,155614,1972704,451687,655615
794948,636938,156286,283339,1986011,634248,664165
812279,635617,160246,238676,1998327,486564,637623
803725,679578,172308,180844,1997669,531409,648007
794729,593999,208074,201982,1992496,499705,587392
804580,602557,212350,317343,1971362,642673,663032
